"{'notebook': '/xp_intro_q1_datagen', 'timeout': 600, 'params.TPS': 3222842, 'params.EVENTS_NUM': '0', 'params.PERSON_PROPORTION': '1', 'params.AUCTION_PROPORTION': '3', 'params.BID_PROPORTION': '46', 'params.NEXMARK_TABLE': 'kafka', 'params.TOPIC': 'nexmark;nexmark-control', 'params.BOOTSTRAP_SERVERS': 'my-cluster-kafka-bootstrap.kafka:9092', 'params_datagen_run': ""{'params': {'TPS': '3222842', 'EVENTS_NUM': '0', 'PERSON_PROPORTION': '1', 'AUCTION_PROPORTION': '3', 'BID_PROPORTION': '46', 'NEXMARK_TABLE': 'kafka', 'TOPIC': 'nexmark;nexmark-control', 'BOOTSTRAP_SERVERS': 'my-cluster-kafka-bootstrap.kafka:9092'}, 'notebook': '/xp_intro_q1_kafka_custom_ratelimit', 'timeout': 600}"", 'task_parallelism': 'Calc(select=[bid.auction AS auction, bid.bidder AS bidder, CAST((0.908:DECIMAL(4, 3) * bid.price)) AS price, bid.dateTime AS dateTime, bid.extra AS extra], where=[(event_type = 2)]);2|Sink: Sink(table=[default_catalog.default_database.discard_sink], fields=[auction, bidder, price, dateTime, extra]);1', 'job_id': '41930728ea958447b926ee426131f9dd', 'cpu': 16, 'memory': 8192, 'task_managers_qty': 8, 'run': 1, 'start_time': 1682109610000, 'duration': 30000, 'task_slots_per_task_manager': 16, 'source_parallelism': 64, 'parallelism': 1, 'evenly_spread': True, 'task_slots_limit': 67, 'observed_source_rate': 2950906.0857142853, 'objective': 3222842.7, 'query.Calc(select=[bid.auction AS auction, bid.bidder AS bidder, CAST((0.908:DECIMAL(4, 3) * bid.price)) AS price, CAST(Reinterpret(CASE((event_type = 0), person.dateTime, (event_type = 1), auction.dateTime, bid.dateTime))) AS dateTime, bid.extra AS extra], where=[(event_type = 2)])': 2, 'query.Sink: Sink(table=[default_catalog.default_database.discard_sink], fields=[auction, bidder, price, dateTime, extra])': 1, 'used_task_slots': 3, 'throughputs': [2950906, 4426359], 'warmup': 120, 'sensitivity': 0.05, 'file': 'variable-results/q1-final-20230421220421'}";"Calc(select=[bid.auction AS auction, bid.bidder AS bidder, CAST((0.908:DECIMAL(4, 3) * bid.price)) AS price, bid.dateTime AS dateTime, bid.extra AS extra], where=[(event_type = 2)]);2|Sink: Sink(table=[default_catalog.default_database.discard_sink], fields=[auction, bidder, price, dateTime, extra]);1";7bb5f04c6287a6ee5153e8744fd651fd;16;8192;8;2950906;2950906;1689541761001;623479;16;64;1;True;67;2949685.3468085104;28372.273947416437;0
"{'notebook': '/xp_intro_q1_datagen', 'timeout': 600, 'params.TPS': 3222842, 'params.EVENTS_NUM': '0', 'params.PERSON_PROPORTION': '1', 'params.AUCTION_PROPORTION': '3', 'params.BID_PROPORTION': '46', 'params.NEXMARK_TABLE': 'kafka', 'params.TOPIC': 'nexmark;nexmark-control', 'params.BOOTSTRAP_SERVERS': 'my-cluster-kafka-bootstrap.kafka:9092', 'params_datagen_run': ""{'params': {'TPS': '3222842', 'EVENTS_NUM': '0', 'PERSON_PROPORTION': '1', 'AUCTION_PROPORTION': '3', 'BID_PROPORTION': '46', 'NEXMARK_TABLE': 'kafka', 'TOPIC': 'nexmark;nexmark-control', 'BOOTSTRAP_SERVERS': 'my-cluster-kafka-bootstrap.kafka:9092'}, 'notebook': '/xp_intro_q1_kafka_custom_ratelimit', 'timeout': 600}"", 'task_parallelism': 'Calc(select=[bid.auction AS auction, bid.bidder AS bidder, CAST((0.908:DECIMAL(4, 3) * bid.price)) AS price, bid.dateTime AS dateTime, bid.extra AS extra], where=[(event_type = 2)]);2|Sink: Sink(table=[default_catalog.default_database.discard_sink], fields=[auction, bidder, price, dateTime, extra]);1', 'job_id': '41930728ea958447b926ee426131f9dd', 'cpu': 16, 'memory': 8192, 'task_managers_qty': 8, 'run': 1, 'start_time': 1682109610000, 'duration': 30000, 'task_slots_per_task_manager': 16, 'source_parallelism': 64, 'parallelism': 1, 'evenly_spread': True, 'task_slots_limit': 67, 'observed_source_rate': 2950906.0857142853, 'objective': 3222842.7, 'query.Calc(select=[bid.auction AS auction, bid.bidder AS bidder, CAST((0.908:DECIMAL(4, 3) * bid.price)) AS price, CAST(Reinterpret(CASE((event_type = 0), person.dateTime, (event_type = 1), auction.dateTime, bid.dateTime))) AS dateTime, bid.extra AS extra], where=[(event_type = 2)])': 2, 'query.Sink: Sink(table=[default_catalog.default_database.discard_sink], fields=[auction, bidder, price, dateTime, extra])': 1, 'used_task_slots': 3, 'throughputs': [2950906, 4426359], 'warmup': 120, 'sensitivity': 0.05, 'file': 'variable-results/q1-final-20230421220421'}";"Calc(select=[bid.auction AS auction, bid.bidder AS bidder, CAST((0.908:DECIMAL(4, 3) * bid.price)) AS price, bid.dateTime AS dateTime, bid.extra AS extra], where=[(event_type = 2)]);2|Sink: Sink(table=[default_catalog.default_database.discard_sink], fields=[auction, bidder, price, dateTime, extra]);1";e3414d8097fb7f2b402ff7d777043fd9;16;8192;8;2950906;4426359;1689542435117;623285;16;64;1;True;67;3188154.165272246;59669.39453286728;0
"{'notebook': '/xp_intro_q1_datagen', 'timeout': 600, 'params.TPS': 3180522, 'params.EVENTS_NUM': '0', 'params.PERSON_PROPORTION': '1', 'params.AUCTION_PROPORTION': '3', 'params.BID_PROPORTION': '46', 'params.NEXMARK_TABLE': 'kafka', 'params.TOPIC': 'nexmark;nexmark-control', 'params.BOOTSTRAP_SERVERS': 'my-cluster-kafka-bootstrap.kafka:9092', 'params_datagen_run': ""{'params': {'TPS': '3180522', 'EVENTS_NUM': '0', 'PERSON_PROPORTION': '1', 'AUCTION_PROPORTION': '3', 'BID_PROPORTION': '46', 'NEXMARK_TABLE': 'kafka', 'TOPIC': 'nexmark;nexmark-control', 'BOOTSTRAP_SERVERS': 'my-cluster-kafka-bootstrap.kafka:9092'}, 'notebook': '/xp_intro_q1_kafka_custom_ratelimit', 'timeout': 600}"", 'task_parallelism': 'Calc(select=[bid.auction AS auction, bid.bidder AS bidder, CAST((0.908:DECIMAL(4, 3) * bid.price)) AS price, bid.dateTime AS dateTime, bid.extra AS extra], where=[(event_type = 2)]);2|Sink: Sink(table=[default_catalog.default_database.discard_sink], fields=[auction, bidder, price, dateTime, extra]);1', 'job_id': 'a2c985c6483857ee2f2217088df955a2', 'cpu': 16, 'memory': 16384, 'task_managers_qty': 8, 'run': 0, 'start_time': 1682117647000, 'duration': 30000, 'task_slots_per_task_manager': 16, 'source_parallelism': 64, 'parallelism': 1, 'evenly_spread': True, 'task_slots_limit': 67, 'observed_source_rate': 2981978.971428572, 'objective': 3180522.5, 'query.Calc(select=[bid.auction AS auction, bid.bidder AS bidder, CAST((0.908:DECIMAL(4, 3) * bid.price)) AS price, CAST(Reinterpret(CASE((event_type = 0), person.dateTime, (event_type = 1), auction.dateTime, bid.dateTime))) AS dateTime, bid.extra AS extra], where=[(event_type = 2)])': 2, 'query.Sink: Sink(table=[default_catalog.default_database.discard_sink], fields=[auction, bidder, price, dateTime, extra])': 1, 'used_task_slots': 3, 'throughputs': [2981978, 4472968], 'warmup': 120, 'sensitivity': 0.05, 'file': 'variable-results/q1-final-20230421220421'}";"Calc(select=[bid.auction AS auction, bid.bidder AS bidder, CAST((0.908:DECIMAL(4, 3) * bid.price)) AS price, bid.dateTime AS dateTime, bid.extra AS extra], where=[(event_type = 2)]);2|Sink: Sink(table=[default_catalog.default_database.discard_sink], fields=[auction, bidder, price, dateTime, extra]);1";ba81b26e2979cc780d6a3345a8072e4a;16;16384;8;2981978;2981978;1689543265420;623258;16;64;1;True;67;2981949.804774887;15630.892019815046;0
"{'notebook': '/xp_intro_q1_datagen', 'timeout': 600, 'params.TPS': 3180522, 'params.EVENTS_NUM': '0', 'params.PERSON_PROPORTION': '1', 'params.AUCTION_PROPORTION': '3', 'params.BID_PROPORTION': '46', 'params.NEXMARK_TABLE': 'kafka', 'params.TOPIC': 'nexmark;nexmark-control', 'params.BOOTSTRAP_SERVERS': 'my-cluster-kafka-bootstrap.kafka:9092', 'params_datagen_run': ""{'params': {'TPS': '3180522', 'EVENTS_NUM': '0', 'PERSON_PROPORTION': '1', 'AUCTION_PROPORTION': '3', 'BID_PROPORTION': '46', 'NEXMARK_TABLE': 'kafka', 'TOPIC': 'nexmark;nexmark-control', 'BOOTSTRAP_SERVERS': 'my-cluster-kafka-bootstrap.kafka:9092'}, 'notebook': '/xp_intro_q1_kafka_custom_ratelimit', 'timeout': 600}"", 'task_parallelism': 'Calc(select=[bid.auction AS auction, bid.bidder AS bidder, CAST((0.908:DECIMAL(4, 3) * bid.price)) AS price, bid.dateTime AS dateTime, bid.extra AS extra], where=[(event_type = 2)]);2|Sink: Sink(table=[default_catalog.default_database.discard_sink], fields=[auction, bidder, price, dateTime, extra]);1', 'job_id': 'a2c985c6483857ee2f2217088df955a2', 'cpu': 16, 'memory': 16384, 'task_managers_qty': 8, 'run': 0, 'start_time': 1682117647000, 'duration': 30000, 'task_slots_per_task_manager': 16, 'source_parallelism': 64, 'parallelism': 1, 'evenly_spread': True, 'task_slots_limit': 67, 'observed_source_rate': 2981978.971428572, 'objective': 3180522.5, 'query.Calc(select=[bid.auction AS auction, bid.bidder AS bidder, CAST((0.908:DECIMAL(4, 3) * bid.price)) AS price, CAST(Reinterpret(CASE((event_type = 0), person.dateTime, (event_type = 1), auction.dateTime, bid.dateTime))) AS dateTime, bid.extra AS extra], where=[(event_type = 2)])': 2, 'query.Sink: Sink(table=[default_catalog.default_database.discard_sink], fields=[auction, bidder, price, dateTime, extra])': 1, 'used_task_slots': 3, 'throughputs': [2981978, 4472968], 'warmup': 120, 'sensitivity': 0.05, 'file': 'variable-results/q1-final-20230421220421'}";"Calc(select=[bid.auction AS auction, bid.bidder AS bidder, CAST((0.908:DECIMAL(4, 3) * bid.price)) AS price, bid.dateTime AS dateTime, bid.extra AS extra], where=[(event_type = 2)]);2|Sink: Sink(table=[default_catalog.default_database.discard_sink], fields=[auction, bidder, price, dateTime, extra]);1";debd5592f1896a1d28f48a038b984777;16;16384;8;2981978;4472968;1689543940532;623250;16;64;1;True;67;3304964.7;62113.19293567771;0
"{'notebook': '/xp_intro_q1_datagen', 'timeout': 600, 'params.TPS': 3129008, 'params.EVENTS_NUM': '0', 'params.PERSON_PROPORTION': '1', 'params.AUCTION_PROPORTION': '3', 'params.BID_PROPORTION': '46', 'params.NEXMARK_TABLE': 'kafka', 'params.TOPIC': 'nexmark;nexmark-control', 'params.BOOTSTRAP_SERVERS': 'my-cluster-kafka-bootstrap.kafka:9092', 'params_datagen_run': ""{'params': {'TPS': '3129008', 'EVENTS_NUM': '0', 'PERSON_PROPORTION': '1', 'AUCTION_PROPORTION': '3', 'BID_PROPORTION': '46', 'NEXMARK_TABLE': 'kafka', 'TOPIC': 'nexmark;nexmark-control', 'BOOTSTRAP_SERVERS': 'my-cluster-kafka-bootstrap.kafka:9092'}, 'notebook': '/xp_intro_q1_kafka_custom_ratelimit', 'timeout': 600}"", 'task_parallelism': 'Calc(select=[bid.auction AS auction, bid.bidder AS bidder, CAST((0.908:DECIMAL(4, 3) * bid.price)) AS price, bid.dateTime AS dateTime, bid.extra AS extra], where=[(event_type = 2)]);2|Sink: Sink(table=[default_catalog.default_database.discard_sink], fields=[auction, bidder, price, dateTime, extra]);1', 'job_id': '7a711562ae4bdcf3a216712c87d85bb1', 'cpu': 16, 'memory': 32768, 'task_managers_qty': 8, 'run': 1, 'start_time': 1682126611000, 'duration': 30000, 'task_slots_per_task_manager': 16, 'source_parallelism': 64, 'parallelism': 1, 'evenly_spread': True, 'task_slots_limit': 67, 'observed_source_rate': 3066691.6739439666, 'objective': 3129008.5, 'query.Calc(select=[bid.auction AS auction, bid.bidder AS bidder, CAST((0.908:DECIMAL(4, 3) * bid.price)) AS price, CAST(Reinterpret(CASE((event_type = 0), person.dateTime, (event_type = 1), auction.dateTime, bid.dateTime))) AS dateTime, bid.extra AS extra], where=[(event_type = 2)])': 2, 'query.Sink: Sink(table=[default_catalog.default_database.discard_sink], fields=[auction, bidder, price, dateTime, extra])': 1, 'used_task_slots': 3, 'throughputs': [3066691, 4600037], 'warmup': 120, 'sensitivity': 0.05, 'file': 'variable-results/q1-final-20230421220421'}";"Calc(select=[bid.auction AS auction, bid.bidder AS bidder, CAST((0.908:DECIMAL(4, 3) * bid.price)) AS price, bid.dateTime AS dateTime, bid.extra AS extra], where=[(event_type = 2)]);2|Sink: Sink(table=[default_catalog.default_database.discard_sink], fields=[auction, bidder, price, dateTime, extra]);1";a55d31c33479499102c43463ebbc9ca3;16;32768;8;3066691;3066691;1689544771574;623248;16;64;1;True;67;3054877.2182158036;42518.18283504679;0
"{'notebook': '/xp_intro_q1_datagen', 'timeout': 600, 'params.TPS': 3129008, 'params.EVENTS_NUM': '0', 'params.PERSON_PROPORTION': '1', 'params.AUCTION_PROPORTION': '3', 'params.BID_PROPORTION': '46', 'params.NEXMARK_TABLE': 'kafka', 'params.TOPIC': 'nexmark;nexmark-control', 'params.BOOTSTRAP_SERVERS': 'my-cluster-kafka-bootstrap.kafka:9092', 'params_datagen_run': ""{'params': {'TPS': '3129008', 'EVENTS_NUM': '0', 'PERSON_PROPORTION': '1', 'AUCTION_PROPORTION': '3', 'BID_PROPORTION': '46', 'NEXMARK_TABLE': 'kafka', 'TOPIC': 'nexmark;nexmark-control', 'BOOTSTRAP_SERVERS': 'my-cluster-kafka-bootstrap.kafka:9092'}, 'notebook': '/xp_intro_q1_kafka_custom_ratelimit', 'timeout': 600}"", 'task_parallelism': 'Calc(select=[bid.auction AS auction, bid.bidder AS bidder, CAST((0.908:DECIMAL(4, 3) * bid.price)) AS price, bid.dateTime AS dateTime, bid.extra AS extra], where=[(event_type = 2)]);2|Sink: Sink(table=[default_catalog.default_database.discard_sink], fields=[auction, bidder, price, dateTime, extra]);1', 'job_id': '7a711562ae4bdcf3a216712c87d85bb1', 'cpu': 16, 'memory': 32768, 'task_managers_qty': 8, 'run': 1, 'start_time': 1682126611000, 'duration': 30000, 'task_slots_per_task_manager': 16, 'source_parallelism': 64, 'parallelism': 1, 'evenly_spread': True, 'task_slots_limit': 67, 'observed_source_rate': 3066691.6739439666, 'objective': 3129008.5, 'query.Calc(select=[bid.auction AS auction, bid.bidder AS bidder, CAST((0.908:DECIMAL(4, 3) * bid.price)) AS price, CAST(Reinterpret(CASE((event_type = 0), person.dateTime, (event_type = 1), auction.dateTime, bid.dateTime))) AS dateTime, bid.extra AS extra], where=[(event_type = 2)])': 2, 'query.Sink: Sink(table=[default_catalog.default_database.discard_sink], fields=[auction, bidder, price, dateTime, extra])': 1, 'used_task_slots': 3, 'throughputs': [3066691, 4600037], 'warmup': 120, 'sensitivity': 0.05, 'file': 'variable-results/q1-final-20230421220421'}";"Calc(select=[bid.auction AS auction, bid.bidder AS bidder, CAST((0.908:DECIMAL(4, 3) * bid.price)) AS price, bid.dateTime AS dateTime, bid.extra AS extra], where=[(event_type = 2)]);2|Sink: Sink(table=[default_catalog.default_database.discard_sink], fields=[auction, bidder, price, dateTime, extra]);1";a9f16981b2540f54ff150180809c6364;16;32768;8;3066691;4600037;1689545446206;623453;16;64;1;True;67;3323572.138293429;49609.5361668201;0
"{'notebook': '/xp_intro_q1_datagen', 'timeout': 600, 'params.TPS': 3436573, 'params.EVENTS_NUM': '0', 'params.PERSON_PROPORTION': '1', 'params.AUCTION_PROPORTION': '3', 'params.BID_PROPORTION': '46', 'params.NEXMARK_TABLE': 'kafka', 'params.TOPIC': 'nexmark;nexmark-control', 'params.BOOTSTRAP_SERVERS': 'my-cluster-kafka-bootstrap.kafka:9092', 'params_datagen_run': ""{'params': {'TPS': '3436573', 'EVENTS_NUM': '0', 'PERSON_PROPORTION': '1', 'AUCTION_PROPORTION': '3', 'BID_PROPORTION': '46', 'NEXMARK_TABLE': 'kafka', 'TOPIC': 'nexmark;nexmark-control', 'BOOTSTRAP_SERVERS': 'my-cluster-kafka-bootstrap.kafka:9092'}, 'notebook': '/xp_intro_q1_kafka_custom_ratelimit', 'timeout': 600}"", 'task_parallelism': 'Calc(select=[bid.auction AS auction, bid.bidder AS bidder, CAST((0.908:DECIMAL(4, 3) * bid.price)) AS price, bid.dateTime AS dateTime, bid.extra AS extra], where=[(event_type = 2)]);2|Sink: Sink(table=[default_catalog.default_database.discard_sink], fields=[auction, bidder, price, dateTime, extra]);1', 'job_id': '352865a69c2453034d4d73aed8a76b1a', 'cpu': 16, 'memory': 65536, 'task_managers_qty': 8, 'run': 1, 'start_time': 1682135326000, 'duration': 30000, 'task_slots_per_task_manager': 16, 'source_parallelism': 64, 'parallelism': 1, 'evenly_spread': True, 'task_slots_limit': 67, 'observed_source_rate': 3202307.542857143, 'objective': 3436573.3, 'query.Calc(select=[bid.auction AS auction, bid.bidder AS bidder, CAST((0.908:DECIMAL(4, 3) * bid.price)) AS price, CAST(Reinterpret(CASE((event_type = 0), person.dateTime, (event_type = 1), auction.dateTime, bid.dateTime))) AS dateTime, bid.extra AS extra], where=[(event_type = 2)])': 2, 'query.Sink: Sink(table=[default_catalog.default_database.discard_sink], fields=[auction, bidder, price, dateTime, extra])': 1, 'used_task_slots': 3, 'throughputs': [3202307, 4803461], 'warmup': 120, 'sensitivity': 0.05, 'file': 'variable-results/q1-final-20230421220421'}";"Calc(select=[bid.auction AS auction, bid.bidder AS bidder, CAST((0.908:DECIMAL(4, 3) * bid.price)) AS price, bid.dateTime AS dateTime, bid.extra AS extra], where=[(event_type = 2)]);2|Sink: Sink(table=[default_catalog.default_database.discard_sink], fields=[auction, bidder, price, dateTime, extra]);1";cd9138c2a641f25e92543caaafd9cbeb;16;65536;8;3202307;3202307;1689546277478;623375;16;64;1;True;67;3202597.385831913;96639.65855982823;0
"{'notebook': '/xp_intro_q1_datagen', 'timeout': 600, 'params.TPS': 3436573, 'params.EVENTS_NUM': '0', 'params.PERSON_PROPORTION': '1', 'params.AUCTION_PROPORTION': '3', 'params.BID_PROPORTION': '46', 'params.NEXMARK_TABLE': 'kafka', 'params.TOPIC': 'nexmark;nexmark-control', 'params.BOOTSTRAP_SERVERS': 'my-cluster-kafka-bootstrap.kafka:9092', 'params_datagen_run': ""{'params': {'TPS': '3436573', 'EVENTS_NUM': '0', 'PERSON_PROPORTION': '1', 'AUCTION_PROPORTION': '3', 'BID_PROPORTION': '46', 'NEXMARK_TABLE': 'kafka', 'TOPIC': 'nexmark;nexmark-control', 'BOOTSTRAP_SERVERS': 'my-cluster-kafka-bootstrap.kafka:9092'}, 'notebook': '/xp_intro_q1_kafka_custom_ratelimit', 'timeout': 600}"", 'task_parallelism': 'Calc(select=[bid.auction AS auction, bid.bidder AS bidder, CAST((0.908:DECIMAL(4, 3) * bid.price)) AS price, bid.dateTime AS dateTime, bid.extra AS extra], where=[(event_type = 2)]);2|Sink: Sink(table=[default_catalog.default_database.discard_sink], fields=[auction, bidder, price, dateTime, extra]);1', 'job_id': '352865a69c2453034d4d73aed8a76b1a', 'cpu': 16, 'memory': 65536, 'task_managers_qty': 8, 'run': 1, 'start_time': 1682135326000, 'duration': 30000, 'task_slots_per_task_manager': 16, 'source_parallelism': 64, 'parallelism': 1, 'evenly_spread': True, 'task_slots_limit': 67, 'observed_source_rate': 3202307.542857143, 'objective': 3436573.3, 'query.Calc(select=[bid.auction AS auction, bid.bidder AS bidder, CAST((0.908:DECIMAL(4, 3) * bid.price)) AS price, CAST(Reinterpret(CASE((event_type = 0), person.dateTime, (event_type = 1), auction.dateTime, bid.dateTime))) AS dateTime, bid.extra AS extra], where=[(event_type = 2)])': 2, 'query.Sink: Sink(table=[default_catalog.default_database.discard_sink], fields=[auction, bidder, price, dateTime, extra])': 1, 'used_task_slots': 3, 'throughputs': [3202307, 4803461], 'warmup': 120, 'sensitivity': 0.05, 'file': 'variable-results/q1-final-20230421220421'}";"Calc(select=[bid.auction AS auction, bid.bidder AS bidder, CAST((0.908:DECIMAL(4, 3) * bid.price)) AS price, bid.dateTime AS dateTime, bid.extra AS extra], where=[(event_type = 2)]);2|Sink: Sink(table=[default_catalog.default_database.discard_sink], fields=[auction, bidder, price, dateTime, extra]);1";fc0975dd4894f1fde128ebb65d0b4e8b;16;65536;8;3202307;4803461;1689546952342;623375;16;64;1;True;67;3374436.3034699387;56096.22653173906;0
"{'notebook': '/xp_intro_q1_datagen', 'timeout': 600, 'params.TPS': 100000000, 'params.EVENTS_NUM': '0', 'params.PERSON_PROPORTION': '1', 'params.AUCTION_PROPORTION': '3', 'params.BID_PROPORTION': '46', 'params.NEXMARK_TABLE': 'kafka', 'params.TOPIC': 'nexmark;nexmark-control', 'params.BOOTSTRAP_SERVERS': 'my-cluster-kafka-bootstrap.kafka:9092', 'params_datagen_run': ""{'params': {'TPS': '100000000', 'EVENTS_NUM': '0', 'PERSON_PROPORTION': '1', 'AUCTION_PROPORTION': '3', 'BID_PROPORTION': '46', 'NEXMARK_TABLE': 'kafka', 'TOPIC': 'nexmark;nexmark-control', 'BOOTSTRAP_SERVERS': 'my-cluster-kafka-bootstrap.kafka:9092'}, 'notebook': '/xp_intro_q1_kafka_custom_ratelimit', 'timeout': 120}"", 'task_parallelism': 'Calc(select=[bid.auction AS auction, bid.bidder AS bidder, CAST((0.908:DECIMAL(4, 3) * bid.price)) AS price, bid.dateTime AS dateTime, bid.extra AS extra], where=[(event_type = 2)]);5|Sink: Sink(table=[default_catalog.default_database.discard_sink], fields=[auction, bidder, price, dateTime, extra]);1', 'job_id': 'd64acbe028a320d435e4787174c5b91a', 'cpu': 16, 'memory': 8192, 'task_managers_qty': 8, 'run': -1, 'start_time': 1682110413000, 'duration': 30000, 'task_slots_per_task_manager': 16, 'source_parallelism': 64, 'parallelism': 1, 'evenly_spread': True, 'task_slots_limit': 70, 'observed_source_rate': 6867871.971428571, 'objective': 7047306.6, 'query.Calc(select=[bid.auction AS auction, bid.bidder AS bidder, CAST((0.908:DECIMAL(4, 3) * bid.price)) AS price, CAST(Reinterpret(CASE((event_type = 0), person.dateTime, (event_type = 1), auction.dateTime, bid.dateTime))) AS dateTime, bid.extra AS extra], where=[(event_type = 2)])': 5, 'query.Sink: Sink(table=[default_catalog.default_database.discard_sink], fields=[auction, bidder, price, dateTime, extra])': 1, 'used_task_slots': 6, 'throughputs': [6867871, 10301807], 'warmup': 120, 'sensitivity': 0.05, 'file': 'variable-results/q1-final-20230421220421'}";"Calc(select=[bid.auction AS auction, bid.bidder AS bidder, CAST((0.908:DECIMAL(4, 3) * bid.price)) AS price, bid.dateTime AS dateTime, bid.extra AS extra], where=[(event_type = 2)]);5|Sink: Sink(table=[default_catalog.default_database.discard_sink], fields=[auction, bidder, price, dateTime, extra]);1";07d01535eaa9f4cde0d2ee94aeabd616;16;8192;8;6867871;6867871;1689547782560;623194;16;64;1;True;70;6867705.151063831;25671.015195422075;0
"{'notebook': '/xp_intro_q1_datagen', 'timeout': 600, 'params.TPS': 100000000, 'params.EVENTS_NUM': '0', 'params.PERSON_PROPORTION': '1', 'params.AUCTION_PROPORTION': '3', 'params.BID_PROPORTION': '46', 'params.NEXMARK_TABLE': 'kafka', 'params.TOPIC': 'nexmark;nexmark-control', 'params.BOOTSTRAP_SERVERS': 'my-cluster-kafka-bootstrap.kafka:9092', 'params_datagen_run': ""{'params': {'TPS': '100000000', 'EVENTS_NUM': '0', 'PERSON_PROPORTION': '1', 'AUCTION_PROPORTION': '3', 'BID_PROPORTION': '46', 'NEXMARK_TABLE': 'kafka', 'TOPIC': 'nexmark;nexmark-control', 'BOOTSTRAP_SERVERS': 'my-cluster-kafka-bootstrap.kafka:9092'}, 'notebook': '/xp_intro_q1_kafka_custom_ratelimit', 'timeout': 120}"", 'task_parallelism': 'Calc(select=[bid.auction AS auction, bid.bidder AS bidder, CAST((0.908:DECIMAL(4, 3) * bid.price)) AS price, bid.dateTime AS dateTime, bid.extra AS extra], where=[(event_type = 2)]);5|Sink: Sink(table=[default_catalog.default_database.discard_sink], fields=[auction, bidder, price, dateTime, extra]);1', 'job_id': 'd64acbe028a320d435e4787174c5b91a', 'cpu': 16, 'memory': 8192, 'task_managers_qty': 8, 'run': -1, 'start_time': 1682110413000, 'duration': 30000, 'task_slots_per_task_manager': 16, 'source_parallelism': 64, 'parallelism': 1, 'evenly_spread': True, 'task_slots_limit': 70, 'observed_source_rate': 6867871.971428571, 'objective': 7047306.6, 'query.Calc(select=[bid.auction AS auction, bid.bidder AS bidder, CAST((0.908:DECIMAL(4, 3) * bid.price)) AS price, CAST(Reinterpret(CASE((event_type = 0), person.dateTime, (event_type = 1), auction.dateTime, bid.dateTime))) AS dateTime, bid.extra AS extra], where=[(event_type = 2)])': 5, 'query.Sink: Sink(table=[default_catalog.default_database.discard_sink], fields=[auction, bidder, price, dateTime, extra])': 1, 'used_task_slots': 6, 'throughputs': [6867871, 10301807], 'warmup': 120, 'sensitivity': 0.05, 'file': 'variable-results/q1-final-20230421220421'}";"Calc(select=[bid.auction AS auction, bid.bidder AS bidder, CAST((0.908:DECIMAL(4, 3) * bid.price)) AS price, bid.dateTime AS dateTime, bid.extra AS extra], where=[(event_type = 2)]);5|Sink: Sink(table=[default_catalog.default_database.discard_sink], fields=[auction, bidder, price, dateTime, extra]);1";ffc71aa7661bbae965470fa1895f2694;16;8192;8;6867871;10301807;1689548457656;622904;16;64;1;True;70;7745142.719148937;71459.90017575488;0
"{'notebook': '/xp_intro_q1_datagen', 'timeout': 600, 'params.TPS': 100000000, 'params.EVENTS_NUM': '0', 'params.PERSON_PROPORTION': '1', 'params.AUCTION_PROPORTION': '3', 'params.BID_PROPORTION': '46', 'params.NEXMARK_TABLE': 'kafka', 'params.TOPIC': 'nexmark;nexmark-control', 'params.BOOTSTRAP_SERVERS': 'my-cluster-kafka-bootstrap.kafka:9092', 'params_datagen_run': ""{'params': {'TPS': '100000000', 'EVENTS_NUM': '0', 'PERSON_PROPORTION': '1', 'AUCTION_PROPORTION': '3', 'BID_PROPORTION': '46', 'NEXMARK_TABLE': 'kafka', 'TOPIC': 'nexmark;nexmark-control', 'BOOTSTRAP_SERVERS': 'my-cluster-kafka-bootstrap.kafka:9092'}, 'notebook': '/xp_intro_q1_kafka_custom_ratelimit', 'timeout': 120}"", 'task_parallelism': 'Calc(select=[bid.auction AS auction, bid.bidder AS bidder, CAST((0.908:DECIMAL(4, 3) * bid.price)) AS price, bid.dateTime AS dateTime, bid.extra AS extra], where=[(event_type = 2)]);5|Sink: Sink(table=[default_catalog.default_database.discard_sink], fields=[auction, bidder, price, dateTime, extra]);1', 'job_id': '199bdb36444e3b78603fef4b543d753a', 'cpu': 16, 'memory': 16384, 'task_managers_qty': 8, 'run': 1, 'start_time': 1682120075000, 'duration': 30000, 'task_slots_per_task_manager': 16, 'source_parallelism': 64, 'parallelism': 1, 'evenly_spread': True, 'task_slots_limit': 70, 'observed_source_rate': 7152829.228571429, 'objective': 6685807.8, 'query.Calc(select=[bid.auction AS auction, bid.bidder AS bidder, CAST((0.908:DECIMAL(4, 3) * bid.price)) AS price, CAST(Reinterpret(CASE((event_type = 0), person.dateTime, (event_type = 1), auction.dateTime, bid.dateTime))) AS dateTime, bid.extra AS extra], where=[(event_type = 2)])': 5, 'query.Sink: Sink(table=[default_catalog.default_database.discard_sink], fields=[auction, bidder, price, dateTime, extra])': 1, 'used_task_slots': 6, 'throughputs': [7152829, 10729243], 'warmup': 120, 'sensitivity': 0.05, 'file': 'variable-results/q1-final-20230421220421'}";"Calc(select=[bid.auction AS auction, bid.bidder AS bidder, CAST((0.908:DECIMAL(4, 3) * bid.price)) AS price, bid.dateTime AS dateTime, bid.extra AS extra], where=[(event_type = 2)]);5|Sink: Sink(table=[default_catalog.default_database.discard_sink], fields=[auction, bidder, price, dateTime, extra]);1";d3682281712359ca11a598f571a6e090;16;16384;8;7152829;7152829;1689549287717;623431;16;64;1;True;70;7152692.631914893;21515.862535614237;0
"{'notebook': '/xp_intro_q1_datagen', 'timeout': 600, 'params.TPS': 100000000, 'params.EVENTS_NUM': '0', 'params.PERSON_PROPORTION': '1', 'params.AUCTION_PROPORTION': '3', 'params.BID_PROPORTION': '46', 'params.NEXMARK_TABLE': 'kafka', 'params.TOPIC': 'nexmark;nexmark-control', 'params.BOOTSTRAP_SERVERS': 'my-cluster-kafka-bootstrap.kafka:9092', 'params_datagen_run': ""{'params': {'TPS': '100000000', 'EVENTS_NUM': '0', 'PERSON_PROPORTION': '1', 'AUCTION_PROPORTION': '3', 'BID_PROPORTION': '46', 'NEXMARK_TABLE': 'kafka', 'TOPIC': 'nexmark;nexmark-control', 'BOOTSTRAP_SERVERS': 'my-cluster-kafka-bootstrap.kafka:9092'}, 'notebook': '/xp_intro_q1_kafka_custom_ratelimit', 'timeout': 120}"", 'task_parallelism': 'Calc(select=[bid.auction AS auction, bid.bidder AS bidder, CAST((0.908:DECIMAL(4, 3) * bid.price)) AS price, bid.dateTime AS dateTime, bid.extra AS extra], where=[(event_type = 2)]);5|Sink: Sink(table=[default_catalog.default_database.discard_sink], fields=[auction, bidder, price, dateTime, extra]);1', 'job_id': '199bdb36444e3b78603fef4b543d753a', 'cpu': 16, 'memory': 16384, 'task_managers_qty': 8, 'run': 1, 'start_time': 1682120075000, 'duration': 30000, 'task_slots_per_task_manager': 16, 'source_parallelism': 64, 'parallelism': 1, 'evenly_spread': True, 'task_slots_limit': 70, 'observed_source_rate': 7152829.228571429, 'objective': 6685807.8, 'query.Calc(select=[bid.auction AS auction, bid.bidder AS bidder, CAST((0.908:DECIMAL(4, 3) * bid.price)) AS price, CAST(Reinterpret(CASE((event_type = 0), person.dateTime, (event_type = 1), auction.dateTime, bid.dateTime))) AS dateTime, bid.extra AS extra], where=[(event_type = 2)])': 5, 'query.Sink: Sink(table=[default_catalog.default_database.discard_sink], fields=[auction, bidder, price, dateTime, extra])': 1, 'used_task_slots': 6, 'throughputs': [7152829, 10729243], 'warmup': 120, 'sensitivity': 0.05, 'file': 'variable-results/q1-final-20230421220421'}";"Calc(select=[bid.auction AS auction, bid.bidder AS bidder, CAST((0.908:DECIMAL(4, 3) * bid.price)) AS price, bid.dateTime AS dateTime, bid.extra AS extra], where=[(event_type = 2)]);5|Sink: Sink(table=[default_catalog.default_database.discard_sink], fields=[auction, bidder, price, dateTime, extra]);1";abfc85ff7cd21ea5eeaa873e1351fa51;16;16384;8;7152829;10729243;1689549961837;623123;16;64;1;True;70;7855155.81306794;75471.63867595948;0
"{'notebook': '/xp_intro_q1_datagen', 'timeout': 600, 'params.TPS': 100000000, 'params.EVENTS_NUM': '0', 'params.PERSON_PROPORTION': '1', 'params.AUCTION_PROPORTION': '3', 'params.BID_PROPORTION': '46', 'params.NEXMARK_TABLE': 'kafka', 'params.TOPIC': 'nexmark;nexmark-control', 'params.BOOTSTRAP_SERVERS': 'my-cluster-kafka-bootstrap.kafka:9092', 'params_datagen_run': ""{'params': {'TPS': '100000000', 'EVENTS_NUM': '0', 'PERSON_PROPORTION': '1', 'AUCTION_PROPORTION': '3', 'BID_PROPORTION': '46', 'NEXMARK_TABLE': 'kafka', 'TOPIC': 'nexmark;nexmark-control', 'BOOTSTRAP_SERVERS': 'my-cluster-kafka-bootstrap.kafka:9092'}, 'notebook': '/xp_intro_q1_kafka_custom_ratelimit', 'timeout': 120}"", 'task_parallelism': 'Calc(select=[bid.auction AS auction, bid.bidder AS bidder, CAST((0.908:DECIMAL(4, 3) * bid.price)) AS price, bid.dateTime AS dateTime, bid.extra AS extra], where=[(event_type = 2)]);5|Sink: Sink(table=[default_catalog.default_database.discard_sink], fields=[auction, bidder, price, dateTime, extra]);1', 'job_id': '7cdcdf56acdb6b1bf3a5c7414d2837d1', 'cpu': 16, 'memory': 32768, 'task_managers_qty': 8, 'run': -1, 'start_time': 1682127838000, 'duration': 30000, 'task_slots_per_task_manager': 16, 'source_parallelism': 64, 'parallelism': 1, 'evenly_spread': True, 'task_slots_limit': 70, 'observed_source_rate': 7149810.028571428, 'objective': 7207564.7, 'query.Calc(select=[bid.auction AS auction, bid.bidder AS bidder, CAST((0.908:DECIMAL(4, 3) * bid.price)) AS price, CAST(Reinterpret(CASE((event_type = 0), person.dateTime, (event_type = 1), auction.dateTime, bid.dateTime))) AS dateTime, bid.extra AS extra], where=[(event_type = 2)])': 5, 'query.Sink: Sink(table=[default_catalog.default_database.discard_sink], fields=[auction, bidder, price, dateTime, extra])': 1, 'used_task_slots': 6, 'throughputs': [7149810, 10724715], 'warmup': 120, 'sensitivity': 0.05, 'file': 'variable-results/q1-final-20230421220421'}";"Calc(select=[bid.auction AS auction, bid.bidder AS bidder, CAST((0.908:DECIMAL(4, 3) * bid.price)) AS price, bid.dateTime AS dateTime, bid.extra AS extra], where=[(event_type = 2)]);5|Sink: Sink(table=[default_catalog.default_database.discard_sink], fields=[auction, bidder, price, dateTime, extra]);1";c4a3c1a93ba5e388e6b189d0a599d191;16;32768;8;7149810;7149810;1689550831879;623201;16;64;1;True;70;7149923.092072596;26648.05715233021;0
"{'notebook': '/xp_intro_q1_datagen', 'timeout': 600, 'params.TPS': 100000000, 'params.EVENTS_NUM': '0', 'params.PERSON_PROPORTION': '1', 'params.AUCTION_PROPORTION': '3', 'params.BID_PROPORTION': '46', 'params.NEXMARK_TABLE': 'kafka', 'params.TOPIC': 'nexmark;nexmark-control', 'params.BOOTSTRAP_SERVERS': 'my-cluster-kafka-bootstrap.kafka:9092', 'params_datagen_run': ""{'params': {'TPS': '100000000', 'EVENTS_NUM': '0', 'PERSON_PROPORTION': '1', 'AUCTION_PROPORTION': '3', 'BID_PROPORTION': '46', 'NEXMARK_TABLE': 'kafka', 'TOPIC': 'nexmark;nexmark-control', 'BOOTSTRAP_SERVERS': 'my-cluster-kafka-bootstrap.kafka:9092'}, 'notebook': '/xp_intro_q1_kafka_custom_ratelimit', 'timeout': 120}"", 'task_parallelism': 'Calc(select=[bid.auction AS auction, bid.bidder AS bidder, CAST((0.908:DECIMAL(4, 3) * bid.price)) AS price, bid.dateTime AS dateTime, bid.extra AS extra], where=[(event_type = 2)]);5|Sink: Sink(table=[default_catalog.default_database.discard_sink], fields=[auction, bidder, price, dateTime, extra]);1', 'job_id': '7cdcdf56acdb6b1bf3a5c7414d2837d1', 'cpu': 16, 'memory': 32768, 'task_managers_qty': 8, 'run': -1, 'start_time': 1682127838000, 'duration': 30000, 'task_slots_per_task_manager': 16, 'source_parallelism': 64, 'parallelism': 1, 'evenly_spread': True, 'task_slots_limit': 70, 'observed_source_rate': 7149810.028571428, 'objective': 7207564.7, 'query.Calc(select=[bid.auction AS auction, bid.bidder AS bidder, CAST((0.908:DECIMAL(4, 3) * bid.price)) AS price, CAST(Reinterpret(CASE((event_type = 0), person.dateTime, (event_type = 1), auction.dateTime, bid.dateTime))) AS dateTime, bid.extra AS extra], where=[(event_type = 2)])': 5, 'query.Sink: Sink(table=[default_catalog.default_database.discard_sink], fields=[auction, bidder, price, dateTime, extra])': 1, 'used_task_slots': 6, 'throughputs': [7149810, 10724715], 'warmup': 120, 'sensitivity': 0.05, 'file': 'variable-results/q1-final-20230421220421'}";"Calc(select=[bid.auction AS auction, bid.bidder AS bidder, CAST((0.908:DECIMAL(4, 3) * bid.price)) AS price, bid.dateTime AS dateTime, bid.extra AS extra], where=[(event_type = 2)]);5|Sink: Sink(table=[default_catalog.default_database.discard_sink], fields=[auction, bidder, price, dateTime, extra]);1";80313c5022ea39fe695058a4d51de96e;16;32768;8;7149810;10724715;1689551505791;623147;16;64;1;True;70;6519492.933245556;199956.57529241097;0
"{'notebook': '/xp_intro_q1_datagen', 'timeout': 600, 'params.TPS': 100000000, 'params.EVENTS_NUM': '0', 'params.PERSON_PROPORTION': '1', 'params.AUCTION_PROPORTION': '3', 'params.BID_PROPORTION': '46', 'params.NEXMARK_TABLE': 'kafka', 'params.TOPIC': 'nexmark;nexmark-control', 'params.BOOTSTRAP_SERVERS': 'my-cluster-kafka-bootstrap.kafka:9092', 'params_datagen_run': ""{'params': {'TPS': '100000000', 'EVENTS_NUM': '0', 'PERSON_PROPORTION': '1', 'AUCTION_PROPORTION': '3', 'BID_PROPORTION': '46', 'NEXMARK_TABLE': 'kafka', 'TOPIC': 'nexmark;nexmark-control', 'BOOTSTRAP_SERVERS': 'my-cluster-kafka-bootstrap.kafka:9092'}, 'notebook': '/xp_intro_q1_kafka_custom_ratelimit', 'timeout': 120}"", 'task_parallelism': 'Calc(select=[bid.auction AS auction, bid.bidder AS bidder, CAST((0.908:DECIMAL(4, 3) * bid.price)) AS price, bid.dateTime AS dateTime, bid.extra AS extra], where=[(event_type = 2)]);4|Sink: Sink(table=[default_catalog.default_database.discard_sink], fields=[auction, bidder, price, dateTime, extra]);2', 'job_id': 'e2c2aafcde1e9c2811d29603c78f1a4c', 'cpu': 16, 'memory': 65536, 'task_managers_qty': 8, 'run': 0, 'start_time': 1682136804000, 'duration': 30000, 'task_slots_per_task_manager': 16, 'source_parallelism': 64, 'parallelism': 1, 'evenly_spread': True, 'task_slots_limit': 70, 'observed_source_rate': 6395871.371428572, 'objective': 6873146.5, 'query.Calc(select=[bid.auction AS auction, bid.bidder AS bidder, CAST((0.908:DECIMAL(4, 3) * bid.price)) AS price, CAST(Reinterpret(CASE((event_type = 0), person.dateTime, (event_type = 1), auction.dateTime, bid.dateTime))) AS dateTime, bid.extra AS extra], where=[(event_type = 2)])': 4, 'query.Sink: Sink(table=[default_catalog.default_database.discard_sink], fields=[auction, bidder, price, dateTime, extra])': 2, 'used_task_slots': 6, 'throughputs': [6395871, 9593807], 'warmup': 120, 'sensitivity': 0.05, 'file': 'variable-results/q1-final-20230421220421'}";"Calc(select=[bid.auction AS auction, bid.bidder AS bidder, CAST((0.908:DECIMAL(4, 3) * bid.price)) AS price, bid.dateTime AS dateTime, bid.extra AS extra], where=[(event_type = 2)]);4|Sink: Sink(table=[default_catalog.default_database.discard_sink], fields=[auction, bidder, price, dateTime, extra]);2";8e12a8cef7dd4c6737db0b4e928bae6e;16;65536;8;6395871;6395871;1689552335548;623509;16;64;1;True;70;6396090.9127659565;66257.72077361269;0
"{'notebook': '/xp_intro_q1_datagen', 'timeout': 600, 'params.TPS': 100000000, 'params.EVENTS_NUM': '0', 'params.PERSON_PROPORTION': '1', 'params.AUCTION_PROPORTION': '3', 'params.BID_PROPORTION': '46', 'params.NEXMARK_TABLE': 'kafka', 'params.TOPIC': 'nexmark;nexmark-control', 'params.BOOTSTRAP_SERVERS': 'my-cluster-kafka-bootstrap.kafka:9092', 'params_datagen_run': ""{'params': {'TPS': '100000000', 'EVENTS_NUM': '0', 'PERSON_PROPORTION': '1', 'AUCTION_PROPORTION': '3', 'BID_PROPORTION': '46', 'NEXMARK_TABLE': 'kafka', 'TOPIC': 'nexmark;nexmark-control', 'BOOTSTRAP_SERVERS': 'my-cluster-kafka-bootstrap.kafka:9092'}, 'notebook': '/xp_intro_q1_kafka_custom_ratelimit', 'timeout': 120}"", 'task_parallelism': 'Calc(select=[bid.auction AS auction, bid.bidder AS bidder, CAST((0.908:DECIMAL(4, 3) * bid.price)) AS price, bid.dateTime AS dateTime, bid.extra AS extra], where=[(event_type = 2)]);4|Sink: Sink(table=[default_catalog.default_database.discard_sink], fields=[auction, bidder, price, dateTime, extra]);2', 'job_id': 'e2c2aafcde1e9c2811d29603c78f1a4c', 'cpu': 16, 'memory': 65536, 'task_managers_qty': 8, 'run': 0, 'start_time': 1682136804000, 'duration': 30000, 'task_slots_per_task_manager': 16, 'source_parallelism': 64, 'parallelism': 1, 'evenly_spread': True, 'task_slots_limit': 70, 'observed_source_rate': 6395871.371428572, 'objective': 6873146.5, 'query.Calc(select=[bid.auction AS auction, bid.bidder AS bidder, CAST((0.908:DECIMAL(4, 3) * bid.price)) AS price, CAST(Reinterpret(CASE((event_type = 0), person.dateTime, (event_type = 1), auction.dateTime, bid.dateTime))) AS dateTime, bid.extra AS extra], where=[(event_type = 2)])': 4, 'query.Sink: Sink(table=[default_catalog.default_database.discard_sink], fields=[auction, bidder, price, dateTime, extra])': 2, 'used_task_slots': 6, 'throughputs': [6395871, 9593807], 'warmup': 120, 'sensitivity': 0.05, 'file': 'variable-results/q1-final-20230421220421'}";"Calc(select=[bid.auction AS auction, bid.bidder AS bidder, CAST((0.908:DECIMAL(4, 3) * bid.price)) AS price, bid.dateTime AS dateTime, bid.extra AS extra], where=[(event_type = 2)]);4|Sink: Sink(table=[default_catalog.default_database.discard_sink], fields=[auction, bidder, price, dateTime, extra]);2";8b3cece18411a14af6d77012a5778da2;16;65536;8;6395871;9593807;1689553010644;623263;16;64;1;True;70;6780573.151063831;55315.24748364537;0
"{'notebook': '/xp_intro_q1_datagen', 'timeout': 600, 'params.TPS': 100000000, 'params.EVENTS_NUM': '0', 'params.PERSON_PROPORTION': '1', 'params.AUCTION_PROPORTION': '3', 'params.BID_PROPORTION': '46', 'params.NEXMARK_TABLE': 'kafka', 'params.TOPIC': 'nexmark;nexmark-control', 'params.BOOTSTRAP_SERVERS': 'my-cluster-kafka-bootstrap.kafka:9092', 'params_datagen_run': ""{'params': {'TPS': '100000000', 'EVENTS_NUM': '0', 'PERSON_PROPORTION': '1', 'AUCTION_PROPORTION': '3', 'BID_PROPORTION': '46', 'NEXMARK_TABLE': 'kafka', 'TOPIC': 'nexmark;nexmark-control', 'BOOTSTRAP_SERVERS': 'my-cluster-kafka-bootstrap.kafka:9092'}, 'notebook': '/xp_intro_q1_kafka_custom_ratelimit', 'timeout': 120}"", 'task_parallelism': 'Calc(select=[bid.auction AS auction, bid.bidder AS bidder, CAST((0.908:DECIMAL(4, 3) * bid.price)) AS price, bid.dateTime AS dateTime, bid.extra AS extra], where=[(event_type = 2)]);9|Sink: Sink(table=[default_catalog.default_database.discard_sink], fields=[auction, bidder, price, dateTime, extra]);2', 'job_id': '29ece8d0b535f80d6c0c503c8317236e', 'cpu': 16, 'memory': 8192, 'task_managers_qty': 8, 'run': 0, 'start_time': 1682112841000, 'duration': 30000, 'task_slots_per_task_manager': 16, 'source_parallelism': 64, 'parallelism': 1, 'evenly_spread': True, 'task_slots_limit': 75, 'observed_source_rate': 11071786.383993763, 'objective': 14094613.0, 'query.Calc(select=[bid.auction AS auction, bid.bidder AS bidder, CAST((0.908:DECIMAL(4, 3) * bid.price)) AS price, CAST(Reinterpret(CASE((event_type = 0), person.dateTime, (event_type = 1), auction.dateTime, bid.dateTime))) AS dateTime, bid.extra AS extra], where=[(event_type = 2)])': 9, 'query.Sink: Sink(table=[default_catalog.default_database.discard_sink], fields=[auction, bidder, price, dateTime, extra])': 2, 'used_task_slots': 11, 'throughputs': [11071786, 16607679], 'warmup': 120, 'sensitivity': 0.05, 'file': 'variable-results/q1-final-20230421220421'}";"Calc(select=[bid.auction AS auction, bid.bidder AS bidder, CAST((0.908:DECIMAL(4, 3) * bid.price)) AS price, bid.dateTime AS dateTime, bid.extra AS extra], where=[(event_type = 2)]);9|Sink: Sink(table=[default_catalog.default_database.discard_sink], fields=[auction, bidder, price, dateTime, extra]);2";dd04dff4dc29dcde0f2c8797f1840c54;16;8192;8;11071786;11071786;1689553840698;623211;16;64;1;True;75;11074295.898296116;53601.14915012892;0
"{'notebook': '/xp_intro_q1_datagen', 'timeout': 600, 'params.TPS': 100000000, 'params.EVENTS_NUM': '0', 'params.PERSON_PROPORTION': '1', 'params.AUCTION_PROPORTION': '3', 'params.BID_PROPORTION': '46', 'params.NEXMARK_TABLE': 'kafka', 'params.TOPIC': 'nexmark;nexmark-control', 'params.BOOTSTRAP_SERVERS': 'my-cluster-kafka-bootstrap.kafka:9092', 'params_datagen_run': ""{'params': {'TPS': '100000000', 'EVENTS_NUM': '0', 'PERSON_PROPORTION': '1', 'AUCTION_PROPORTION': '3', 'BID_PROPORTION': '46', 'NEXMARK_TABLE': 'kafka', 'TOPIC': 'nexmark;nexmark-control', 'BOOTSTRAP_SERVERS': 'my-cluster-kafka-bootstrap.kafka:9092'}, 'notebook': '/xp_intro_q1_kafka_custom_ratelimit', 'timeout': 120}"", 'task_parallelism': 'Calc(select=[bid.auction AS auction, bid.bidder AS bidder, CAST((0.908:DECIMAL(4, 3) * bid.price)) AS price, bid.dateTime AS dateTime, bid.extra AS extra], where=[(event_type = 2)]);9|Sink: Sink(table=[default_catalog.default_database.discard_sink], fields=[auction, bidder, price, dateTime, extra]);2', 'job_id': '29ece8d0b535f80d6c0c503c8317236e', 'cpu': 16, 'memory': 8192, 'task_managers_qty': 8, 'run': 0, 'start_time': 1682112841000, 'duration': 30000, 'task_slots_per_task_manager': 16, 'source_parallelism': 64, 'parallelism': 1, 'evenly_spread': True, 'task_slots_limit': 75, 'observed_source_rate': 11071786.383993763, 'objective': 14094613.0, 'query.Calc(select=[bid.auction AS auction, bid.bidder AS bidder, CAST((0.908:DECIMAL(4, 3) * bid.price)) AS price, CAST(Reinterpret(CASE((event_type = 0), person.dateTime, (event_type = 1), auction.dateTime, bid.dateTime))) AS dateTime, bid.extra AS extra], where=[(event_type = 2)])': 9, 'query.Sink: Sink(table=[default_catalog.default_database.discard_sink], fields=[auction, bidder, price, dateTime, extra])': 2, 'used_task_slots': 11, 'throughputs': [11071786, 16607679], 'warmup': 120, 'sensitivity': 0.05, 'file': 'variable-results/q1-final-20230421220421'}";"Calc(select=[bid.auction AS auction, bid.bidder AS bidder, CAST((0.908:DECIMAL(4, 3) * bid.price)) AS price, bid.dateTime AS dateTime, bid.extra AS extra], where=[(event_type = 2)]);9|Sink: Sink(table=[default_catalog.default_database.discard_sink], fields=[auction, bidder, price, dateTime, extra]);2";5496efcc7903b378e61b6b5b3fc6e05f;16;8192;8;11071786;16607679;1689554515522;623247;16;64;1;True;75;13427318.898860475;116432.43195552565;0
"{'notebook': '/xp_intro_q1_datagen', 'timeout': 600, 'params.TPS': 100000000, 'params.EVENTS_NUM': '0', 'params.PERSON_PROPORTION': '1', 'params.AUCTION_PROPORTION': '3', 'params.BID_PROPORTION': '46', 'params.NEXMARK_TABLE': 'kafka', 'params.TOPIC': 'nexmark;nexmark-control', 'params.BOOTSTRAP_SERVERS': 'my-cluster-kafka-bootstrap.kafka:9092', 'params_datagen_run': ""{'params': {'TPS': '100000000', 'EVENTS_NUM': '0', 'PERSON_PROPORTION': '1', 'AUCTION_PROPORTION': '3', 'BID_PROPORTION': '46', 'NEXMARK_TABLE': 'kafka', 'TOPIC': 'nexmark;nexmark-control', 'BOOTSTRAP_SERVERS': 'my-cluster-kafka-bootstrap.kafka:9092'}, 'notebook': '/xp_intro_q1_kafka_custom_ratelimit', 'timeout': 120}"", 'task_parallelism': 'Calc(select=[bid.auction AS auction, bid.bidder AS bidder, CAST((0.908:DECIMAL(4, 3) * bid.price)) AS price, bid.dateTime AS dateTime, bid.extra AS extra], where=[(event_type = 2)]);9|Sink: Sink(table=[default_catalog.default_database.discard_sink], fields=[auction, bidder, price, dateTime, extra]);2', 'job_id': '677cb3f23c80acdc0243487fb56d622c', 'cpu': 16, 'memory': 16384, 'task_managers_qty': 8, 'run': 0, 'start_time': 1682122004000, 'duration': 30000, 'task_slots_per_task_manager': 16, 'source_parallelism': 64, 'parallelism': 1, 'evenly_spread': True, 'task_slots_limit': 75, 'observed_source_rate': 12227833.714285713, 'objective': 13371616.0, 'query.Calc(select=[bid.auction AS auction, bid.bidder AS bidder, CAST((0.908:DECIMAL(4, 3) * bid.price)) AS price, CAST(Reinterpret(CASE((event_type = 0), person.dateTime, (event_type = 1), auction.dateTime, bid.dateTime))) AS dateTime, bid.extra AS extra], where=[(event_type = 2)])': 9, 'query.Sink: Sink(table=[default_catalog.default_database.discard_sink], fields=[auction, bidder, price, dateTime, extra])': 2, 'used_task_slots': 11, 'throughputs': [12227833, 18341750], 'warmup': 120, 'sensitivity': 0.05, 'file': 'variable-results/q1-final-20230421220421'}";"Calc(select=[bid.auction AS auction, bid.bidder AS bidder, CAST((0.908:DECIMAL(4, 3) * bid.price)) AS price, bid.dateTime AS dateTime, bid.extra AS extra], where=[(event_type = 2)]);9|Sink: Sink(table=[default_catalog.default_database.discard_sink], fields=[auction, bidder, price, dateTime, extra]);2";0f89a407a142f9ea6dd2b435b5a20be7;16;16384;8;12227833;12227833;1689555351452;623207;16;64;1;True;75;12227469.359936712;45343.144547480064;0
"{'notebook': '/xp_intro_q1_datagen', 'timeout': 600, 'params.TPS': 100000000, 'params.EVENTS_NUM': '0', 'params.PERSON_PROPORTION': '1', 'params.AUCTION_PROPORTION': '3', 'params.BID_PROPORTION': '46', 'params.NEXMARK_TABLE': 'kafka', 'params.TOPIC': 'nexmark;nexmark-control', 'params.BOOTSTRAP_SERVERS': 'my-cluster-kafka-bootstrap.kafka:9092', 'params_datagen_run': ""{'params': {'TPS': '100000000', 'EVENTS_NUM': '0', 'PERSON_PROPORTION': '1', 'AUCTION_PROPORTION': '3', 'BID_PROPORTION': '46', 'NEXMARK_TABLE': 'kafka', 'TOPIC': 'nexmark;nexmark-control', 'BOOTSTRAP_SERVERS': 'my-cluster-kafka-bootstrap.kafka:9092'}, 'notebook': '/xp_intro_q1_kafka_custom_ratelimit', 'timeout': 120}"", 'task_parallelism': 'Calc(select=[bid.auction AS auction, bid.bidder AS bidder, CAST((0.908:DECIMAL(4, 3) * bid.price)) AS price, bid.dateTime AS dateTime, bid.extra AS extra], where=[(event_type = 2)]);9|Sink: Sink(table=[default_catalog.default_database.discard_sink], fields=[auction, bidder, price, dateTime, extra]);2', 'job_id': '677cb3f23c80acdc0243487fb56d622c', 'cpu': 16, 'memory': 16384, 'task_managers_qty': 8, 'run': 0, 'start_time': 1682122004000, 'duration': 30000, 'task_slots_per_task_manager': 16, 'source_parallelism': 64, 'parallelism': 1, 'evenly_spread': True, 'task_slots_limit': 75, 'observed_source_rate': 12227833.714285713, 'objective': 13371616.0, 'query.Calc(select=[bid.auction AS auction, bid.bidder AS bidder, CAST((0.908:DECIMAL(4, 3) * bid.price)) AS price, CAST(Reinterpret(CASE((event_type = 0), person.dateTime, (event_type = 1), auction.dateTime, bid.dateTime))) AS dateTime, bid.extra AS extra], where=[(event_type = 2)])': 9, 'query.Sink: Sink(table=[default_catalog.default_database.discard_sink], fields=[auction, bidder, price, dateTime, extra])': 2, 'used_task_slots': 11, 'throughputs': [12227833, 18341750], 'warmup': 120, 'sensitivity': 0.05, 'file': 'variable-results/q1-final-20230421220421'}";"Calc(select=[bid.auction AS auction, bid.bidder AS bidder, CAST((0.908:DECIMAL(4, 3) * bid.price)) AS price, bid.dateTime AS dateTime, bid.extra AS extra], where=[(event_type = 2)]);9|Sink: Sink(table=[default_catalog.default_database.discard_sink], fields=[auction, bidder, price, dateTime, extra]);2";f9e03cefeb3d203bed19c053e69b1f0b;16;16384;8;12227833;18341750;1689556026168;623322;16;64;1;True;75;13351488.91846011;198967.5146086879;0
"{'notebook': '/xp_intro_q1_datagen', 'timeout': 600, 'params.TPS': 100000000, 'params.EVENTS_NUM': '0', 'params.PERSON_PROPORTION': '1', 'params.AUCTION_PROPORTION': '3', 'params.BID_PROPORTION': '46', 'params.NEXMARK_TABLE': 'kafka', 'params.TOPIC': 'nexmark;nexmark-control', 'params.BOOTSTRAP_SERVERS': 'my-cluster-kafka-bootstrap.kafka:9092', 'params_datagen_run': ""{'params': {'TPS': '100000000', 'EVENTS_NUM': '0', 'PERSON_PROPORTION': '1', 'AUCTION_PROPORTION': '3', 'BID_PROPORTION': '46', 'NEXMARK_TABLE': 'kafka', 'TOPIC': 'nexmark;nexmark-control', 'BOOTSTRAP_SERVERS': 'my-cluster-kafka-bootstrap.kafka:9092'}, 'notebook': '/xp_intro_q1_kafka_custom_ratelimit', 'timeout': 120}"", 'task_parallelism': 'Calc(select=[bid.auction AS auction, bid.bidder AS bidder, CAST((0.908:DECIMAL(4, 3) * bid.price)) AS price, bid.dateTime AS dateTime, bid.extra AS extra], where=[(event_type = 2)]);9|Sink: Sink(table=[default_catalog.default_database.discard_sink], fields=[auction, bidder, price, dateTime, extra]);2', 'job_id': 'f649d2749c2d772369a5abd69e77e08d', 'cpu': 16, 'memory': 32768, 'task_managers_qty': 8, 'run': -1, 'start_time': 1682129866000, 'duration': 30000, 'task_slots_per_task_manager': 16, 'source_parallelism': 64, 'parallelism': 1, 'evenly_spread': True, 'task_slots_limit': 75, 'observed_source_rate': 12151276.171428572, 'objective': 14080538.0, 'query.Calc(select=[bid.auction AS auction, bid.bidder AS bidder, CAST((0.908:DECIMAL(4, 3) * bid.price)) AS price, CAST(Reinterpret(CASE((event_type = 0), person.dateTime, (event_type = 1), auction.dateTime, bid.dateTime))) AS dateTime, bid.extra AS extra], where=[(event_type = 2)])': 9, 'query.Sink: Sink(table=[default_catalog.default_database.discard_sink], fields=[auction, bidder, price, dateTime, extra])': 2, 'used_task_slots': 11, 'throughputs': [12151276, 18226914], 'warmup': 120, 'sensitivity': 0.05, 'file': 'variable-results/q1-final-20230421220421'}";"Calc(select=[bid.auction AS auction, bid.bidder AS bidder, CAST((0.908:DECIMAL(4, 3) * bid.price)) AS price, bid.dateTime AS dateTime, bid.extra AS extra], where=[(event_type = 2)]);9|Sink: Sink(table=[default_catalog.default_database.discard_sink], fields=[auction, bidder, price, dateTime, extra]);2";94ee950de8ee4804660f2de646b05f17;16;32768;8;12151276;12151276;1689556856474;623160;16;64;1;True;75;12151157.714893617;25480.104809839853;0
"{'notebook': '/xp_intro_q1_datagen', 'timeout': 600, 'params.TPS': 100000000, 'params.EVENTS_NUM': '0', 'params.PERSON_PROPORTION': '1', 'params.AUCTION_PROPORTION': '3', 'params.BID_PROPORTION': '46', 'params.NEXMARK_TABLE': 'kafka', 'params.TOPIC': 'nexmark;nexmark-control', 'params.BOOTSTRAP_SERVERS': 'my-cluster-kafka-bootstrap.kafka:9092', 'params_datagen_run': ""{'params': {'TPS': '100000000', 'EVENTS_NUM': '0', 'PERSON_PROPORTION': '1', 'AUCTION_PROPORTION': '3', 'BID_PROPORTION': '46', 'NEXMARK_TABLE': 'kafka', 'TOPIC': 'nexmark;nexmark-control', 'BOOTSTRAP_SERVERS': 'my-cluster-kafka-bootstrap.kafka:9092'}, 'notebook': '/xp_intro_q1_kafka_custom_ratelimit', 'timeout': 120}"", 'task_parallelism': 'Calc(select=[bid.auction AS auction, bid.bidder AS bidder, CAST((0.908:DECIMAL(4, 3) * bid.price)) AS price, bid.dateTime AS dateTime, bid.extra AS extra], where=[(event_type = 2)]);9|Sink: Sink(table=[default_catalog.default_database.discard_sink], fields=[auction, bidder, price, dateTime, extra]);2', 'job_id': 'f649d2749c2d772369a5abd69e77e08d', 'cpu': 16, 'memory': 32768, 'task_managers_qty': 8, 'run': -1, 'start_time': 1682129866000, 'duration': 30000, 'task_slots_per_task_manager': 16, 'source_parallelism': 64, 'parallelism': 1, 'evenly_spread': True, 'task_slots_limit': 75, 'observed_source_rate': 12151276.171428572, 'objective': 14080538.0, 'query.Calc(select=[bid.auction AS auction, bid.bidder AS bidder, CAST((0.908:DECIMAL(4, 3) * bid.price)) AS price, CAST(Reinterpret(CASE((event_type = 0), person.dateTime, (event_type = 1), auction.dateTime, bid.dateTime))) AS dateTime, bid.extra AS extra], where=[(event_type = 2)])': 9, 'query.Sink: Sink(table=[default_catalog.default_database.discard_sink], fields=[auction, bidder, price, dateTime, extra])': 2, 'used_task_slots': 11, 'throughputs': [12151276, 18226914], 'warmup': 120, 'sensitivity': 0.05, 'file': 'variable-results/q1-final-20230421220421'}";"Calc(select=[bid.auction AS auction, bid.bidder AS bidder, CAST((0.908:DECIMAL(4, 3) * bid.price)) AS price, bid.dateTime AS dateTime, bid.extra AS extra], where=[(event_type = 2)]);9|Sink: Sink(table=[default_catalog.default_database.discard_sink], fields=[auction, bidder, price, dateTime, extra]);2";8e7030baca1a055f67dc9d3678e25ee0;16;32768;8;12151276;18226914;1689557530238;623190;16;64;1;True;75;13002720.317249296;337749.5584925488;0
"{'notebook': '/xp_intro_q1_datagen', 'timeout': 600, 'params.TPS': 100000000, 'params.EVENTS_NUM': '0', 'params.PERSON_PROPORTION': '1', 'params.AUCTION_PROPORTION': '3', 'params.BID_PROPORTION': '46', 'params.NEXMARK_TABLE': 'kafka', 'params.TOPIC': 'nexmark;nexmark-control', 'params.BOOTSTRAP_SERVERS': 'my-cluster-kafka-bootstrap.kafka:9092', 'params_datagen_run': ""{'params': {'TPS': '100000000', 'EVENTS_NUM': '0', 'PERSON_PROPORTION': '1', 'AUCTION_PROPORTION': '3', 'BID_PROPORTION': '46', 'NEXMARK_TABLE': 'kafka', 'TOPIC': 'nexmark;nexmark-control', 'BOOTSTRAP_SERVERS': 'my-cluster-kafka-bootstrap.kafka:9092'}, 'notebook': '/xp_intro_q1_kafka_custom_ratelimit', 'timeout': 120}"", 'task_parallelism': 'Calc(select=[bid.auction AS auction, bid.bidder AS bidder, CAST((0.908:DECIMAL(4, 3) * bid.price)) AS price, bid.dateTime AS dateTime, bid.extra AS extra], where=[(event_type = 2)]);8|Sink: Sink(table=[default_catalog.default_database.discard_sink], fields=[auction, bidder, price, dateTime, extra]);3', 'job_id': 'ed39e297ca85cc7c4abed60ccb068580', 'cpu': 16, 'memory': 65536, 'task_managers_qty': 8, 'run': -1, 'start_time': 1682138317000, 'duration': 30000, 'task_slots_per_task_manager': 16, 'source_parallelism': 64, 'parallelism': 1, 'evenly_spread': True, 'task_slots_limit': 75, 'observed_source_rate': 12365039.485714288, 'objective': 13746293.0, 'query.Calc(select=[bid.auction AS auction, bid.bidder AS bidder, CAST((0.908:DECIMAL(4, 3) * bid.price)) AS price, CAST(Reinterpret(CASE((event_type = 0), person.dateTime, (event_type = 1), auction.dateTime, bid.dateTime))) AS dateTime, bid.extra AS extra], where=[(event_type = 2)])': 8, 'query.Sink: Sink(table=[default_catalog.default_database.discard_sink], fields=[auction, bidder, price, dateTime, extra])': 3, 'used_task_slots': 11, 'throughputs': [12365039, 18547559], 'warmup': 120, 'sensitivity': 0.05, 'file': 'variable-results/q1-final-20230421220421'}";"Calc(select=[bid.auction AS auction, bid.bidder AS bidder, CAST((0.908:DECIMAL(4, 3) * bid.price)) AS price, bid.dateTime AS dateTime, bid.extra AS extra], where=[(event_type = 2)]);8|Sink: Sink(table=[default_catalog.default_database.discard_sink], fields=[auction, bidder, price, dateTime, extra]);3";355bf9bf3ff4a90283a251293435840d;16;65536;8;12365039;12365039;1689558360322;623087;16;64;1;True;75;12365228.552538212;134037.88645482986;0
"{'notebook': '/xp_intro_q1_datagen', 'timeout': 600, 'params.TPS': 100000000, 'params.EVENTS_NUM': '0', 'params.PERSON_PROPORTION': '1', 'params.AUCTION_PROPORTION': '3', 'params.BID_PROPORTION': '46', 'params.NEXMARK_TABLE': 'kafka', 'params.TOPIC': 'nexmark;nexmark-control', 'params.BOOTSTRAP_SERVERS': 'my-cluster-kafka-bootstrap.kafka:9092', 'params_datagen_run': ""{'params': {'TPS': '100000000', 'EVENTS_NUM': '0', 'PERSON_PROPORTION': '1', 'AUCTION_PROPORTION': '3', 'BID_PROPORTION': '46', 'NEXMARK_TABLE': 'kafka', 'TOPIC': 'nexmark;nexmark-control', 'BOOTSTRAP_SERVERS': 'my-cluster-kafka-bootstrap.kafka:9092'}, 'notebook': '/xp_intro_q1_kafka_custom_ratelimit', 'timeout': 120}"", 'task_parallelism': 'Calc(select=[bid.auction AS auction, bid.bidder AS bidder, CAST((0.908:DECIMAL(4, 3) * bid.price)) AS price, bid.dateTime AS dateTime, bid.extra AS extra], where=[(event_type = 2)]);8|Sink: Sink(table=[default_catalog.default_database.discard_sink], fields=[auction, bidder, price, dateTime, extra]);3', 'job_id': 'ed39e297ca85cc7c4abed60ccb068580', 'cpu': 16, 'memory': 65536, 'task_managers_qty': 8, 'run': -1, 'start_time': 1682138317000, 'duration': 30000, 'task_slots_per_task_manager': 16, 'source_parallelism': 64, 'parallelism': 1, 'evenly_spread': True, 'task_slots_limit': 75, 'observed_source_rate': 12365039.485714288, 'objective': 13746293.0, 'query.Calc(select=[bid.auction AS auction, bid.bidder AS bidder, CAST((0.908:DECIMAL(4, 3) * bid.price)) AS price, CAST(Reinterpret(CASE((event_type = 0), person.dateTime, (event_type = 1), auction.dateTime, bid.dateTime))) AS dateTime, bid.extra AS extra], where=[(event_type = 2)])': 8, 'query.Sink: Sink(table=[default_catalog.default_database.discard_sink], fields=[auction, bidder, price, dateTime, extra])': 3, 'used_task_slots': 11, 'throughputs': [12365039, 18547559], 'warmup': 120, 'sensitivity': 0.05, 'file': 'variable-results/q1-final-20230421220421'}";"Calc(select=[bid.auction AS auction, bid.bidder AS bidder, CAST((0.908:DECIMAL(4, 3) * bid.price)) AS price, bid.dateTime AS dateTime, bid.extra AS extra], where=[(event_type = 2)]);8|Sink: Sink(table=[default_catalog.default_database.discard_sink], fields=[auction, bidder, price, dateTime, extra]);3";470ca047d3b7b6e78df0a81732175057;16;65536;8;12365039;18547559;1689559035138;623107;16;64;1;True;75;13169176.225472577;85736.41774794171;0
"{'notebook': '/xp_intro_q1_datagen', 'timeout': 600, 'params.TPS': 100000000, 'params.EVENTS_NUM': '0', 'params.PERSON_PROPORTION': '1', 'params.AUCTION_PROPORTION': '3', 'params.BID_PROPORTION': '46', 'params.NEXMARK_TABLE': 'kafka', 'params.TOPIC': 'nexmark;nexmark-control', 'params.BOOTSTRAP_SERVERS': 'my-cluster-kafka-bootstrap.kafka:9092', 'params_datagen_run': ""{'params': {'TPS': '100000000', 'EVENTS_NUM': '0', 'PERSON_PROPORTION': '1', 'AUCTION_PROPORTION': '3', 'BID_PROPORTION': '46', 'NEXMARK_TABLE': 'kafka', 'TOPIC': 'nexmark;nexmark-control', 'BOOTSTRAP_SERVERS': 'my-cluster-kafka-bootstrap.kafka:9092'}, 'notebook': '/xp_intro_q1_kafka_custom_ratelimit', 'timeout': 120}"", 'task_parallelism': 'Calc(select=[bid.auction AS auction, bid.bidder AS bidder, CAST((0.908:DECIMAL(4, 3) * bid.price)) AS price, bid.dateTime AS dateTime, bid.extra AS extra], where=[(event_type = 2)]);13|Sink: Sink(table=[default_catalog.default_database.discard_sink], fields=[auction, bidder, price, dateTime, extra]);3', 'job_id': '6031485b3804f99de9f07f6d30debee1', 'cpu': 16, 'memory': 8192, 'task_managers_qty': 8, 'run': -1, 'start_time': 1682114770000, 'duration': 30000, 'task_slots_per_task_manager': 16, 'source_parallelism': 64, 'parallelism': 1, 'evenly_spread': True, 'task_slots_limit': 80, 'observed_source_rate': 15985276.57142857, 'objective': 20948477.0, 'query.Calc(select=[bid.auction AS auction, bid.bidder AS bidder, CAST((0.908:DECIMAL(4, 3) * bid.price)) AS price, CAST(Reinterpret(CASE((event_type = 0), person.dateTime, (event_type = 1), auction.dateTime, bid.dateTime))) AS dateTime, bid.extra AS extra], where=[(event_type = 2)])': 13, 'query.Sink: Sink(table=[default_catalog.default_database.discard_sink], fields=[auction, bidder, price, dateTime, extra])': 3, 'used_task_slots': 16, 'throughputs': [15985276, 23977914], 'warmup': 120, 'sensitivity': 0.05, 'file': 'variable-results/q1-final-20230421220421'}";"Calc(select=[bid.auction AS auction, bid.bidder AS bidder, CAST((0.908:DECIMAL(4, 3) * bid.price)) AS price, bid.dateTime AS dateTime, bid.extra AS extra], where=[(event_type = 2)]);13|Sink: Sink(table=[default_catalog.default_database.discard_sink], fields=[auction, bidder, price, dateTime, extra]);3";09d469c43c007b77b457f2b2627412f6;16;8192;8;15985276;15985276;1689559864865;623294;16;64;1;True;80;15985247.719148932;7283.859212844242;0
"{'notebook': '/xp_intro_q1_datagen', 'timeout': 600, 'params.TPS': 100000000, 'params.EVENTS_NUM': '0', 'params.PERSON_PROPORTION': '1', 'params.AUCTION_PROPORTION': '3', 'params.BID_PROPORTION': '46', 'params.NEXMARK_TABLE': 'kafka', 'params.TOPIC': 'nexmark;nexmark-control', 'params.BOOTSTRAP_SERVERS': 'my-cluster-kafka-bootstrap.kafka:9092', 'params_datagen_run': ""{'params': {'TPS': '100000000', 'EVENTS_NUM': '0', 'PERSON_PROPORTION': '1', 'AUCTION_PROPORTION': '3', 'BID_PROPORTION': '46', 'NEXMARK_TABLE': 'kafka', 'TOPIC': 'nexmark;nexmark-control', 'BOOTSTRAP_SERVERS': 'my-cluster-kafka-bootstrap.kafka:9092'}, 'notebook': '/xp_intro_q1_kafka_custom_ratelimit', 'timeout': 120}"", 'task_parallelism': 'Calc(select=[bid.auction AS auction, bid.bidder AS bidder, CAST((0.908:DECIMAL(4, 3) * bid.price)) AS price, bid.dateTime AS dateTime, bid.extra AS extra], where=[(event_type = 2)]);13|Sink: Sink(table=[default_catalog.default_database.discard_sink], fields=[auction, bidder, price, dateTime, extra]);3', 'job_id': '6031485b3804f99de9f07f6d30debee1', 'cpu': 16, 'memory': 8192, 'task_managers_qty': 8, 'run': -1, 'start_time': 1682114770000, 'duration': 30000, 'task_slots_per_task_manager': 16, 'source_parallelism': 64, 'parallelism': 1, 'evenly_spread': True, 'task_slots_limit': 80, 'observed_source_rate': 15985276.57142857, 'objective': 20948477.0, 'query.Calc(select=[bid.auction AS auction, bid.bidder AS bidder, CAST((0.908:DECIMAL(4, 3) * bid.price)) AS price, CAST(Reinterpret(CASE((event_type = 0), person.dateTime, (event_type = 1), auction.dateTime, bid.dateTime))) AS dateTime, bid.extra AS extra], where=[(event_type = 2)])': 13, 'query.Sink: Sink(table=[default_catalog.default_database.discard_sink], fields=[auction, bidder, price, dateTime, extra])': 3, 'used_task_slots': 16, 'throughputs': [15985276, 23977914], 'warmup': 120, 'sensitivity': 0.05, 'file': 'variable-results/q1-final-20230421220421'}";"Calc(select=[bid.auction AS auction, bid.bidder AS bidder, CAST((0.908:DECIMAL(4, 3) * bid.price)) AS price, bid.dateTime AS dateTime, bid.extra AS extra], where=[(event_type = 2)]);13|Sink: Sink(table=[default_catalog.default_database.discard_sink], fields=[auction, bidder, price, dateTime, extra]);3";75731760b6e7cd41b8445a8e01cd1527;16;8192;8;15985276;23977914;1689560539613;623439;16;64;1;True;80;19521967.97659574;156940.63250978937;0
"{'notebook': '/xp_intro_q1_datagen', 'timeout': 600, 'params.TPS': 100000000, 'params.EVENTS_NUM': '0', 'params.PERSON_PROPORTION': '1', 'params.AUCTION_PROPORTION': '3', 'params.BID_PROPORTION': '46', 'params.NEXMARK_TABLE': 'kafka', 'params.TOPIC': 'nexmark;nexmark-control', 'params.BOOTSTRAP_SERVERS': 'my-cluster-kafka-bootstrap.kafka:9092', 'params_datagen_run': ""{'params': {'TPS': '100000000', 'EVENTS_NUM': '0', 'PERSON_PROPORTION': '1', 'AUCTION_PROPORTION': '3', 'BID_PROPORTION': '46', 'NEXMARK_TABLE': 'kafka', 'TOPIC': 'nexmark;nexmark-control', 'BOOTSTRAP_SERVERS': 'my-cluster-kafka-bootstrap.kafka:9092'}, 'notebook': '/xp_intro_q1_kafka_custom_ratelimit', 'timeout': 120}"", 'task_parallelism': 'Calc(select=[bid.auction AS auction, bid.bidder AS bidder, CAST((0.908:DECIMAL(4, 3) * bid.price)) AS price, bid.dateTime AS dateTime, bid.extra AS extra], where=[(event_type = 2)]);13|Sink: Sink(table=[default_catalog.default_database.discard_sink], fields=[auction, bidder, price, dateTime, extra]);3', 'job_id': '70c0612e7243a130b514410e0c715b25', 'cpu': 16, 'memory': 16384, 'task_managers_qty': 8, 'run': -1, 'start_time': 1682123481000, 'duration': 30000, 'task_slots_per_task_manager': 16, 'source_parallelism': 64, 'parallelism': 1, 'evenly_spread': True, 'task_slots_limit': 80, 'observed_source_rate': 15844556.94285714, 'objective': 20057423.0, 'query.Calc(select=[bid.auction AS auction, bid.bidder AS bidder, CAST((0.908:DECIMAL(4, 3) * bid.price)) AS price, CAST(Reinterpret(CASE((event_type = 0), person.dateTime, (event_type = 1), auction.dateTime, bid.dateTime))) AS dateTime, bid.extra AS extra], where=[(event_type = 2)])': 13, 'query.Sink: Sink(table=[default_catalog.default_database.discard_sink], fields=[auction, bidder, price, dateTime, extra])': 3, 'used_task_slots': 16, 'throughputs': [15844556, 23766835], 'warmup': 120, 'sensitivity': 0.05, 'file': 'variable-results/q1-final-20230421220421'}";"Calc(select=[bid.auction AS auction, bid.bidder AS bidder, CAST((0.908:DECIMAL(4, 3) * bid.price)) AS price, bid.dateTime AS dateTime, bid.extra AS extra], where=[(event_type = 2)]);13|Sink: Sink(table=[default_catalog.default_database.discard_sink], fields=[auction, bidder, price, dateTime, extra]);3";dbb5a4468a00838d3e5f7d301cfdc27b;16;16384;8;15844556;15844556;1689561368674;623232;16;64;1;True;80;15844525.642553188;2993.590059044323;0
"{'notebook': '/xp_intro_q1_datagen', 'timeout': 600, 'params.TPS': 100000000, 'params.EVENTS_NUM': '0', 'params.PERSON_PROPORTION': '1', 'params.AUCTION_PROPORTION': '3', 'params.BID_PROPORTION': '46', 'params.NEXMARK_TABLE': 'kafka', 'params.TOPIC': 'nexmark;nexmark-control', 'params.BOOTSTRAP_SERVERS': 'my-cluster-kafka-bootstrap.kafka:9092', 'params_datagen_run': ""{'params': {'TPS': '100000000', 'EVENTS_NUM': '0', 'PERSON_PROPORTION': '1', 'AUCTION_PROPORTION': '3', 'BID_PROPORTION': '46', 'NEXMARK_TABLE': 'kafka', 'TOPIC': 'nexmark;nexmark-control', 'BOOTSTRAP_SERVERS': 'my-cluster-kafka-bootstrap.kafka:9092'}, 'notebook': '/xp_intro_q1_kafka_custom_ratelimit', 'timeout': 120}"", 'task_parallelism': 'Calc(select=[bid.auction AS auction, bid.bidder AS bidder, CAST((0.908:DECIMAL(4, 3) * bid.price)) AS price, bid.dateTime AS dateTime, bid.extra AS extra], where=[(event_type = 2)]);13|Sink: Sink(table=[default_catalog.default_database.discard_sink], fields=[auction, bidder, price, dateTime, extra]);3', 'job_id': '70c0612e7243a130b514410e0c715b25', 'cpu': 16, 'memory': 16384, 'task_managers_qty': 8, 'run': -1, 'start_time': 1682123481000, 'duration': 30000, 'task_slots_per_task_manager': 16, 'source_parallelism': 64, 'parallelism': 1, 'evenly_spread': True, 'task_slots_limit': 80, 'observed_source_rate': 15844556.94285714, 'objective': 20057423.0, 'query.Calc(select=[bid.auction AS auction, bid.bidder AS bidder, CAST((0.908:DECIMAL(4, 3) * bid.price)) AS price, CAST(Reinterpret(CASE((event_type = 0), person.dateTime, (event_type = 1), auction.dateTime, bid.dateTime))) AS dateTime, bid.extra AS extra], where=[(event_type = 2)])': 13, 'query.Sink: Sink(table=[default_catalog.default_database.discard_sink], fields=[auction, bidder, price, dateTime, extra])': 3, 'used_task_slots': 16, 'throughputs': [15844556, 23766835], 'warmup': 120, 'sensitivity': 0.05, 'file': 'variable-results/q1-final-20230421220421'}";"Calc(select=[bid.auction AS auction, bid.bidder AS bidder, CAST((0.908:DECIMAL(4, 3) * bid.price)) AS price, bid.dateTime AS dateTime, bid.extra AS extra], where=[(event_type = 2)]);13|Sink: Sink(table=[default_catalog.default_database.discard_sink], fields=[auction, bidder, price, dateTime, extra]);3";17a27084bf7d02e7b375b8f47633c05e;16;16384;8;15844556;23766835;1689562043510;623208;16;64;1;True;80;18923518.6625397;312089.2296212945;0
"{'notebook': '/xp_intro_q1_datagen', 'timeout': 600, 'params.TPS': 100000000, 'params.EVENTS_NUM': '0', 'params.PERSON_PROPORTION': '1', 'params.AUCTION_PROPORTION': '3', 'params.BID_PROPORTION': '46', 'params.NEXMARK_TABLE': 'kafka', 'params.TOPIC': 'nexmark;nexmark-control', 'params.BOOTSTRAP_SERVERS': 'my-cluster-kafka-bootstrap.kafka:9092', 'params_datagen_run': ""{'params': {'TPS': '100000000', 'EVENTS_NUM': '0', 'PERSON_PROPORTION': '1', 'AUCTION_PROPORTION': '3', 'BID_PROPORTION': '46', 'NEXMARK_TABLE': 'kafka', 'TOPIC': 'nexmark;nexmark-control', 'BOOTSTRAP_SERVERS': 'my-cluster-kafka-bootstrap.kafka:9092'}, 'notebook': '/xp_intro_q1_kafka_custom_ratelimit', 'timeout': 120}"", 'task_parallelism': 'Calc(select=[bid.auction AS auction, bid.bidder AS bidder, CAST((0.908:DECIMAL(4, 3) * bid.price)) AS price, bid.dateTime AS dateTime, bid.extra AS extra], where=[(event_type = 2)]);13|Sink: Sink(table=[default_catalog.default_database.discard_sink], fields=[auction, bidder, price, dateTime, extra]);3', 'job_id': '7a8593296f6e20b2e753062977bf85e2', 'cpu': 16, 'memory': 32768, 'task_managers_qty': 8, 'run': -1, 'start_time': 1682132121000, 'duration': 30000, 'task_slots_per_task_manager': 16, 'source_parallelism': 64, 'parallelism': 1, 'evenly_spread': True, 'task_slots_limit': 80, 'observed_source_rate': 17354118.171428572, 'objective': 20338555.0, 'query.Calc(select=[bid.auction AS auction, bid.bidder AS bidder, CAST((0.908:DECIMAL(4, 3) * bid.price)) AS price, CAST(Reinterpret(CASE((event_type = 0), person.dateTime, (event_type = 1), auction.dateTime, bid.dateTime))) AS dateTime, bid.extra AS extra], where=[(event_type = 2)])': 13, 'query.Sink: Sink(table=[default_catalog.default_database.discard_sink], fields=[auction, bidder, price, dateTime, extra])': 3, 'used_task_slots': 16, 'throughputs': [17354118, 26031177], 'warmup': 120, 'sensitivity': 0.05, 'file': 'variable-results/q1-final-20230421220421'}";"Calc(select=[bid.auction AS auction, bid.bidder AS bidder, CAST((0.908:DECIMAL(4, 3) * bid.price)) AS price, bid.dateTime AS dateTime, bid.extra AS extra], where=[(event_type = 2)]);13|Sink: Sink(table=[default_catalog.default_database.discard_sink], fields=[auction, bidder, price, dateTime, extra]);3";73f4cf59955fd28cf2a3101a985e9a75;16;32768;8;17354118;17354118;1689562872814;623307;16;64;1;True;80;17353347.055319145;38951.733369537586;0
"{'notebook': '/xp_intro_q1_datagen', 'timeout': 600, 'params.TPS': 100000000, 'params.EVENTS_NUM': '0', 'params.PERSON_PROPORTION': '1', 'params.AUCTION_PROPORTION': '3', 'params.BID_PROPORTION': '46', 'params.NEXMARK_TABLE': 'kafka', 'params.TOPIC': 'nexmark;nexmark-control', 'params.BOOTSTRAP_SERVERS': 'my-cluster-kafka-bootstrap.kafka:9092', 'params_datagen_run': ""{'params': {'TPS': '100000000', 'EVENTS_NUM': '0', 'PERSON_PROPORTION': '1', 'AUCTION_PROPORTION': '3', 'BID_PROPORTION': '46', 'NEXMARK_TABLE': 'kafka', 'TOPIC': 'nexmark;nexmark-control', 'BOOTSTRAP_SERVERS': 'my-cluster-kafka-bootstrap.kafka:9092'}, 'notebook': '/xp_intro_q1_kafka_custom_ratelimit', 'timeout': 120}"", 'task_parallelism': 'Calc(select=[bid.auction AS auction, bid.bidder AS bidder, CAST((0.908:DECIMAL(4, 3) * bid.price)) AS price, bid.dateTime AS dateTime, bid.extra AS extra], where=[(event_type = 2)]);13|Sink: Sink(table=[default_catalog.default_database.discard_sink], fields=[auction, bidder, price, dateTime, extra]);3', 'job_id': '7a8593296f6e20b2e753062977bf85e2', 'cpu': 16, 'memory': 32768, 'task_managers_qty': 8, 'run': -1, 'start_time': 1682132121000, 'duration': 30000, 'task_slots_per_task_manager': 16, 'source_parallelism': 64, 'parallelism': 1, 'evenly_spread': True, 'task_slots_limit': 80, 'observed_source_rate': 17354118.171428572, 'objective': 20338555.0, 'query.Calc(select=[bid.auction AS auction, bid.bidder AS bidder, CAST((0.908:DECIMAL(4, 3) * bid.price)) AS price, CAST(Reinterpret(CASE((event_type = 0), person.dateTime, (event_type = 1), auction.dateTime, bid.dateTime))) AS dateTime, bid.extra AS extra], where=[(event_type = 2)])': 13, 'query.Sink: Sink(table=[default_catalog.default_database.discard_sink], fields=[auction, bidder, price, dateTime, extra])': 3, 'used_task_slots': 16, 'throughputs': [17354118, 26031177], 'warmup': 120, 'sensitivity': 0.05, 'file': 'variable-results/q1-final-20230421220421'}";"Calc(select=[bid.auction AS auction, bid.bidder AS bidder, CAST((0.908:DECIMAL(4, 3) * bid.price)) AS price, bid.dateTime AS dateTime, bid.extra AS extra], where=[(event_type = 2)]);13|Sink: Sink(table=[default_catalog.default_database.discard_sink], fields=[auction, bidder, price, dateTime, extra]);3";3025188a60b78a2630ee46dbeb3a814e;16;32768;8;17354118;26031177;1689563547674;623347;16;64;1;True;80;19484272.643424127;344908.8302989814;0
"{'notebook': '/xp_intro_q1_datagen', 'timeout': 600, 'params.TPS': 100000000, 'params.EVENTS_NUM': '0', 'params.PERSON_PROPORTION': '1', 'params.AUCTION_PROPORTION': '3', 'params.BID_PROPORTION': '46', 'params.NEXMARK_TABLE': 'kafka', 'params.TOPIC': 'nexmark;nexmark-control', 'params.BOOTSTRAP_SERVERS': 'my-cluster-kafka-bootstrap.kafka:9092', 'params_datagen_run': ""{'params': {'TPS': '100000000', 'EVENTS_NUM': '0', 'PERSON_PROPORTION': '1', 'AUCTION_PROPORTION': '3', 'BID_PROPORTION': '46', 'NEXMARK_TABLE': 'kafka', 'TOPIC': 'nexmark;nexmark-control', 'BOOTSTRAP_SERVERS': 'my-cluster-kafka-bootstrap.kafka:9092'}, 'notebook': '/xp_intro_q1_kafka_custom_ratelimit', 'timeout': 120}"", 'task_parallelism': 'Calc(select=[bid.auction AS auction, bid.bidder AS bidder, CAST((0.908:DECIMAL(4, 3) * bid.price)) AS price, bid.dateTime AS dateTime, bid.extra AS extra], where=[(event_type = 2)]);12|Sink: Sink(table=[default_catalog.default_database.discard_sink], fields=[auction, bidder, price, dateTime, extra]);4', 'job_id': 'fff0ecdfbe7d5dbe1fbc2d2d82ad18fc', 'cpu': 16, 'memory': 65536, 'task_managers_qty': 8, 'run': -1, 'start_time': 1682140948000, 'duration': 30000, 'task_slots_per_task_manager': 16, 'source_parallelism': 64, 'parallelism': 1, 'evenly_spread': True, 'task_slots_limit': 80, 'observed_source_rate': 16458130.857142856, 'objective': 20619440.0, 'query.Calc(select=[bid.auction AS auction, bid.bidder AS bidder, CAST((0.908:DECIMAL(4, 3) * bid.price)) AS price, CAST(Reinterpret(CASE((event_type = 0), person.dateTime, (event_type = 1), auction.dateTime, bid.dateTime))) AS dateTime, bid.extra AS extra], where=[(event_type = 2)])': 12, 'query.Sink: Sink(table=[default_catalog.default_database.discard_sink], fields=[auction, bidder, price, dateTime, extra])': 4, 'used_task_slots': 16, 'throughputs': [16458130, 24687196], 'warmup': 120, 'sensitivity': 0.05, 'file': 'variable-results/q1-final-20230421220421'}";"Calc(select=[bid.auction AS auction, bid.bidder AS bidder, CAST((0.908:DECIMAL(4, 3) * bid.price)) AS price, bid.dateTime AS dateTime, bid.extra AS extra], where=[(event_type = 2)]);12|Sink: Sink(table=[default_catalog.default_database.discard_sink], fields=[auction, bidder, price, dateTime, extra]);4";5a50450eeb776b79c9c24a13c8154d1e;16;65536;8;16458130;16458130;1689564377516;623285;16;64;1;True;80;16454869.765584966;82262.00333745223;0
"{'notebook': '/xp_intro_q1_datagen', 'timeout': 600, 'params.TPS': 100000000, 'params.EVENTS_NUM': '0', 'params.PERSON_PROPORTION': '1', 'params.AUCTION_PROPORTION': '3', 'params.BID_PROPORTION': '46', 'params.NEXMARK_TABLE': 'kafka', 'params.TOPIC': 'nexmark;nexmark-control', 'params.BOOTSTRAP_SERVERS': 'my-cluster-kafka-bootstrap.kafka:9092', 'params_datagen_run': ""{'params': {'TPS': '100000000', 'EVENTS_NUM': '0', 'PERSON_PROPORTION': '1', 'AUCTION_PROPORTION': '3', 'BID_PROPORTION': '46', 'NEXMARK_TABLE': 'kafka', 'TOPIC': 'nexmark;nexmark-control', 'BOOTSTRAP_SERVERS': 'my-cluster-kafka-bootstrap.kafka:9092'}, 'notebook': '/xp_intro_q1_kafka_custom_ratelimit', 'timeout': 120}"", 'task_parallelism': 'Calc(select=[bid.auction AS auction, bid.bidder AS bidder, CAST((0.908:DECIMAL(4, 3) * bid.price)) AS price, bid.dateTime AS dateTime, bid.extra AS extra], where=[(event_type = 2)]);12|Sink: Sink(table=[default_catalog.default_database.discard_sink], fields=[auction, bidder, price, dateTime, extra]);4', 'job_id': 'fff0ecdfbe7d5dbe1fbc2d2d82ad18fc', 'cpu': 16, 'memory': 65536, 'task_managers_qty': 8, 'run': -1, 'start_time': 1682140948000, 'duration': 30000, 'task_slots_per_task_manager': 16, 'source_parallelism': 64, 'parallelism': 1, 'evenly_spread': True, 'task_slots_limit': 80, 'observed_source_rate': 16458130.857142856, 'objective': 20619440.0, 'query.Calc(select=[bid.auction AS auction, bid.bidder AS bidder, CAST((0.908:DECIMAL(4, 3) * bid.price)) AS price, CAST(Reinterpret(CASE((event_type = 0), person.dateTime, (event_type = 1), auction.dateTime, bid.dateTime))) AS dateTime, bid.extra AS extra], where=[(event_type = 2)])': 12, 'query.Sink: Sink(table=[default_catalog.default_database.discard_sink], fields=[auction, bidder, price, dateTime, extra])': 4, 'used_task_slots': 16, 'throughputs': [16458130, 24687196], 'warmup': 120, 'sensitivity': 0.05, 'file': 'variable-results/q1-final-20230421220421'}";"Calc(select=[bid.auction AS auction, bid.bidder AS bidder, CAST((0.908:DECIMAL(4, 3) * bid.price)) AS price, bid.dateTime AS dateTime, bid.extra AS extra], where=[(event_type = 2)]);12|Sink: Sink(table=[default_catalog.default_database.discard_sink], fields=[auction, bidder, price, dateTime, extra]);4";d16341d054a0494b5499adf5134cf25f;16;65536;8;16458130;24687196;1689565052320;623306;16;64;1;True;80;19825228.97074356;116602.52090279704;0
